id;first_name;last_name;email;phone;address
1;Gregorio;Grady;"\^9RM@a-p=(.jWj|";"    3 935  04   50";iterate
2;Shanny;Schaden;"#Zl@9IKiY.l";"     29    12190    23";connect Ergonomic
3;Jerad;Ankunding;"g@%`<.W5Nz`o";"+2 4   104     6759";neural Product Avon
4;Dominic;Brekke;"4@$y#+C.1;'";" 53   356  48     07";Strategist Nauru
5;Lolita;Watsica;"0/Z&@$.`OxwO";"  7     469  21     54";Fresh Interactions
6;Onie;Hyatt;"IC10@i[3!.tli/~";"+676  (2)    078 57   53";Massachusetts Islands
7;Leilani;Mueller;"}0S@:<d/.!";"  7    821  79 45";Mississippi Bridge
8;Garrick;Goyette;")QD@5v|.L";"+20     (858)    300 73     88";secondary Falkland Auto
9;Verla;Will;"tX4@?VE.v2l-";"+979    4     936  3850";National
10;Howell;Lueilwitz;"1)M@THKX/h.[HUs,";"(61) 484     35     12";Loan haptic
