id;name;address;menu
1;initiative;Riel projection Rubber;Tunisian connect embrace
2;heuristic payment;Compatible Avon revolutionize;Account Mouse Web
3;SMTP Computer e-commerce;Republic;Vision-oriented productize
4;Optimization;Planner;transmit Global transitional
5;grey deposit deposit;synthesizing white integrated;Arizona revolutionize South
6;Avon architectures compress;Cedi leverage Plastic;Credit
7;connect;transmitting Global;maroon Euro
8;Human RAM;Shoes;Producer payment
9;system;Account Cook deposit;Lebanon Buckinghamshire
10;silver;haptic;synergies invoice open-source
